--
-- PostgreSQL database dump
--

-- Dumped from database version 17.0
-- Dumped by pg_dump version 17.0

SET statement_timeout = 0;
SET lock_timeout = 0;
SET idle_in_transaction_session_timeout = 0;
SET transaction_timeout = 0;
SET client_encoding = 'UTF8';
SET standard_conforming_strings = on;
SELECT pg_catalog.set_config('search_path', '', false);
SET check_function_bodies = false;
SET xmloption = content;
SET client_min_messages = warning;
SET row_security = off;

SET default_tablespace = '';

SET default_table_access_method = heap;

--
-- Name: offers; Type: TABLE; Schema: public; Owner: postgres
--

CREATE TABLE public.offers (
    id_offer integer NOT NULL,
    start_date date,
    end_date date,
    discount_percentage numeric,
    type_offer text
);


ALTER TABLE public.offers OWNER TO postgres;

--
-- Name: offers_id_offer_seq; Type: SEQUENCE; Schema: public; Owner: postgres
--

ALTER TABLE public.offers ALTER COLUMN id_offer ADD GENERATED BY DEFAULT AS IDENTITY (
    SEQUENCE NAME public.offers_id_offer_seq
    START WITH 1
    INCREMENT BY 1
    NO MINVALUE
    NO MAXVALUE
    CACHE 1
);


--
-- Name: products; Type: TABLE; Schema: public; Owner: postgres
--

CREATE TABLE public.products (
    email text NOT NULL,
    name text,
    description text,
    price numeric,
    publication_date date,
    quantity integer,
    id_product integer NOT NULL
);


ALTER TABLE public.products OWNER TO postgres;

--
-- Name: products_idProduct_seq; Type: SEQUENCE; Schema: public; Owner: postgres
--

ALTER TABLE public.products ALTER COLUMN id_product ADD GENERATED BY DEFAULT AS IDENTITY (
    SEQUENCE NAME public."products_idProduct_seq"
    START WITH 1
    INCREMENT BY 1
    NO MINVALUE
    NO MAXVALUE
    CACHE 1
);


--
-- Name: sellproducts; Type: TABLE; Schema: public; Owner: postgres
--

CREATE TABLE public.sellproducts (
    id_product integer,
    name text,
    price numeric,
    quantity integer,
    sale_date date,
    publication_date date,
    buyer_email text,
    seller_email text,
    id_sell integer NOT NULL,
    total_value numeric
);


ALTER TABLE public.sellproducts OWNER TO postgres;

--
-- Name: sellproducts_id_venta_seq; Type: SEQUENCE; Schema: public; Owner: postgres
--

ALTER TABLE public.sellproducts ALTER COLUMN id_sell ADD GENERATED BY DEFAULT AS IDENTITY (
    SEQUENCE NAME public.sellproducts_id_venta_seq
    START WITH 1
    INCREMENT BY 1
    NO MINVALUE
    NO MAXVALUE
    CACHE 1
);


--
-- Name: users; Type: TABLE; Schema: public; Owner: postgres
--

CREATE TABLE public.users (
    email text NOT NULL,
    chain text,
    role text
);


ALTER TABLE public.users OWNER TO postgres;

--
-- Data for Name: offers; Type: TABLE DATA; Schema: public; Owner: postgres
--

COPY public.offers (id_offer, start_date, end_date, discount_percentage, type_offer) FROM stdin;
2	2024-10-20	2024-10-30	50	RANDOM_DISCOUNT
3	2024-10-20	2024-10-30	5	FREQUENT_CUSTOMER_DISCOUNT
1	2024-10-20	2024-10-30	10	GENERAL_DISCOUNT
\.


--
-- Data for Name: products; Type: TABLE DATA; Schema: public; Owner: postgres
--

COPY public.products (email, name, description, price, publication_date, quantity, id_product) FROM stdin;
prueba@gmail.com	camisa	Todas las tallas XLS	30000	2024-10-20	4	9
prueba@gmail.com	camisa	Solo talla S	20000	2024-10-20	9	10
sebascamargo77@gmail.com	zapatos	talla arriba 30	280000	2024-10-20	20	14
prueba@gmail.com	camisa	Solo talla L	20000	2024-10-20	13	11
\.


--
-- Data for Name: sellproducts; Type: TABLE DATA; Schema: public; Owner: postgres
--

COPY public.sellproducts (id_product, name, price, quantity, sale_date, publication_date, buyer_email, seller_email, id_sell, total_value) FROM stdin;
5	camisa	20000	10	2024-10-20	2024-10-19	prueba@gmail.com	prueba@gmail.com	1	200000
6	pantalon	20000	1	2024-10-20	2024-10-19	prueba@gmail.com	prueba@gmail.com	2	20000
8	pantalonsadsad	20000	1	2024-10-20	2024-10-19	prueba@gmail.com	prueba@gmail.com	3	20000
8	pantalonsadsad	20000	1	2024-10-20	2024-10-19	prueba@gmail.com	prueba@gmail.com	4	20000
9	camisa	30000	1	2024-10-20	2024-10-19	prueba@gmail.com	prueba@gmail.com	5	30000
9	camisa	30000	1	2024-10-20	2024-10-19	prueba@gmail.com	prueba@gmail.com	6	30000
9	camisa	30000	1	2024-10-20	2024-10-19	prueba@gmail.com	prueba@gmail.com	7	30000
9	camisa	30000	1	2024-10-20	2024-10-19	prueba@gmail.com	prueba@gmail.com	8	30000
9	camisa	30000	2	2024-10-20	2024-10-19	sebascamargo77@gmail.com	prueba@gmail.com	9	60000
6	pantalon	20000	1	2024-10-20	2024-10-19	sebascamargo77@gmail.com	prueba@gmail.com	10	20000
10	camisa	17000	1	2024-10-20	2024-10-20	prueba@gmail.com	prueba@gmail.com	11	17000
11	camisa	17000	2	2024-10-20	2024-10-20	sebascamargo77@gmail.com	prueba@gmail.com	12	34000
16	Gorra negras	31500	10	2024-10-20	2024-10-20	prueba3@gmail.com	prueba3@gmail.com	13	315000
\.


--
-- Data for Name: users; Type: TABLE DATA; Schema: public; Owner: postgres
--

COPY public.users (email, chain, role) FROM stdin;
prueba@gmail.com	123	GENERAL
sebascamargo77@gmail.com	123	ADMIN
prueba3@gmail.com	123	GENERAL
\.


--
-- Name: offers_id_offer_seq; Type: SEQUENCE SET; Schema: public; Owner: postgres
--

SELECT pg_catalog.setval('public.offers_id_offer_seq', 3, true);


--
-- Name: products_idProduct_seq; Type: SEQUENCE SET; Schema: public; Owner: postgres
--

SELECT pg_catalog.setval('public."products_idProduct_seq"', 19, true);


--
-- Name: sellproducts_id_venta_seq; Type: SEQUENCE SET; Schema: public; Owner: postgres
--

SELECT pg_catalog.setval('public.sellproducts_id_venta_seq', 13, true);


--
-- Name: offers offers_pkey; Type: CONSTRAINT; Schema: public; Owner: postgres
--

ALTER TABLE ONLY public.offers
    ADD CONSTRAINT offers_pkey PRIMARY KEY (id_offer);


--
-- Name: products products_pkey; Type: CONSTRAINT; Schema: public; Owner: postgres
--

ALTER TABLE ONLY public.products
    ADD CONSTRAINT products_pkey PRIMARY KEY (id_product);


--
-- Name: sellproducts sellproducts_pkey; Type: CONSTRAINT; Schema: public; Owner: postgres
--

ALTER TABLE ONLY public.sellproducts
    ADD CONSTRAINT sellproducts_pkey PRIMARY KEY (id_sell);


--
-- Name: users users_pkey; Type: CONSTRAINT; Schema: public; Owner: postgres
--

ALTER TABLE ONLY public.users
    ADD CONSTRAINT users_pkey PRIMARY KEY (email);


--
-- PostgreSQL database dump complete
--

